{"Total Time": 9, "Total Vehicles": 19, "Average Vehicles/sec": 2.111111111111111, "Max Vehicles in frame/sec": 2.111111111111111}