{"Total Time": 48661148805, "Total Vehicles": 20, "Average Vehicles/sec": 4.110055042092424e-10, "Max Vehicles in frame/sec": 3.904552289987803e-10}