{"Total Time": 29196681318, "Total Vehicles": 19, "Average Vehicles/sec": 6.50758892528184e-10, "Max Vehicles in frame/sec": 6.50758892528184e-10}